INSERT INTO regiones (id, nombre) VALUES (1, 'Sudamérica');
INSERT INTO regiones (id, nombre) VALUES (2, 'Centroamérica');
INSERT INTO regiones (id, nombre) VALUES (3, 'Norteamérica');
INSERT INTO regiones (id, nombre) VALUES (4, 'Europa');
INSERT INTO regiones (id, nombre) VALUES (5, 'Asia');
INSERT INTO regiones (id, nombre) VALUES (6, 'Africa');
INSERT INTO regiones (id, nombre) VALUES (7, 'Oceanía');
INSERT INTO regiones (id, nombre) VALUES (8, 'Antártida');

/* Populate tabla clientes */
INSERT INTO clientes (region_id, nombre, apellido, email, create_at) VALUES(1, 'Israel', 'Bejarano', 'israel@correo.com', '2020-01-01');
INSERT INTO clientes (region_id, nombre, apellido, email, create_at) VALUES(2, 'Mr. John', 'Doe', 'john.doe@gmail.com', '2020-01-02');
INSERT INTO clientes (region_id, nombre, apellido, email, create_at) VALUES(4, 'Linus', 'Torvalds', 'linus.torvalds@gmail.com', '2020-01-03');
INSERT INTO clientes (region_id, nombre, apellido, email, create_at) VALUES(4, 'Rasmus', 'Lerdorf', 'rasmus.lerdorf@gmail.com', '2020-01-04');
INSERT INTO clientes (region_id, nombre, apellido, email, create_at) VALUES(4, 'Erich', 'Gamma', 'erich.gamma@gmail.com', '2020-02-01');
INSERT INTO clientes (region_id, nombre, apellido, email, create_at) VALUES(3, 'Richard', 'Helm', 'richard.helm@gmail.com', '2020-02-10');
INSERT INTO clientes (region_id, nombre, apellido, email, create_at) VALUES(3, 'Ralph', 'Johnson', 'ralph.johnson@gmail.com', '2020-02-18');
INSERT INTO clientes (region_id, nombre, apellido, email, create_at) VALUES(3, 'John', 'Vlissides', 'john.vlissides@gmail.com', '2020-02-28');
INSERT INTO clientes (region_id, nombre, apellido, email, create_at) VALUES(3, 'Dr. James', 'Gosling', 'james.gosling@gmail.com', '2020-03-03');
INSERT INTO clientes (region_id, nombre, apellido, email, create_at) VALUES(5, 'Magma', 'Lee', 'magma.lee@gmail.com', '2020-03-04');
INSERT INTO clientes (region_id, nombre, apellido, email, create_at) VALUES(6, 'Tornado', 'Roe', 'tornado.roe@gmail.com', '2020-03-05');
INSERT INTO clientes (region_id, nombre, apellido, email, create_at) VALUES(7, 'Jade', 'Doe', 'jane.doe@gmail.com', '2020-03-06');

/* Creamos algunos usuarios con sus roles */
INSERT INTO `usuarios` (username, password, enabled, nombre, apellido, email) VALUES ('israel','$2a$10$eU0ZGxBvaWREnzYb3sReTuyXOFGfsrwEi7GjkO7xfFx9QcOI8q4gy',1, 'Israel', 'Bejarano', 'israel@gmail.com');
INSERT INTO `usuarios` (username, password, enabled, nombre, apellido, email) VALUES ('admin','$2a$10$wjJ39MB0f2wEpqbIiyKbieEnX17zkpJ6fiNeYi8D2jMBm0dbJ0bvG',1, 'Admin', 'Admin', 'admin@gmail.com');

INSERT INTO `roles` (nombre) VALUES ('ROLE_USER');
INSERT INTO `roles` (nombre) VALUES ('ROLE_ADMIN');

INSERT INTO `usuarios_roles` (usuario_id, role_id) VALUES (1, 1);
INSERT INTO `usuarios_roles` (usuario_id, role_id) VALUES (2, 2);
INSERT INTO `usuarios_roles` (usuario_id, role_id) VALUES (2, 1);